Date,Description,Amount,Category,Status
2024-01-01,Revonix Corp - Direct Deposit,2500.0,Income,posted

2024-01-01,Acme Properties,-1500.0,Rent,posted
2024-01-01,Uber Eats,-36.49,Coffee & Dining,posted
2024-01-01,Uber Eats,-27.17,Coffee & Dining,posted
2024-01-02,Starbucks,-8.77,Coffee & Dining,posted
2024-01-03,Walmart,-46.33,Groceries,posted
2024-01-05,Netflix,-15.49,Entertainment,posted
2024-01-05,Amazon,-71.22,Shopping,posted
2024-01-06,Chevron Gas,-49.55,Transportation,posted
2024-01-06,Chevron Gas,-48.25,Transportation,posted
2024-01-08,Target,-69.16,Shopping,posted
2024-01-09,McDonald's,-9.43,Coffee & Dining,posted
2024-01-10,Spotify Premium,-10.99,Entertainment,posted
2024-01-10,Target,-75.27,Shopping,posted
2024-01-10,Amazon,-127.75,Shopping,posted
2024-01-12,Target,-16.38,Shopping,posted
2024-01-12,Starbucks,-6.81,Coffee & Dining,posted
2024-01-12,Kroger,-80.07,Groceries,posted
2024-01-13,McDonald's,-8.92,Coffee & Dining,posted
2024-01-13,Walmart,-105.28,Groceries,posted
2024-01-13,Starbucks,-5.2,Coffee & Dining,posted
2024-01-14,Target,-89.83,Shopping,posted
2024-01-15,Revonix Corp - Direct Deposit,2500.0,Income,posted
2024-01-15,GitHub Copilot,-10.0,Developer Tools,posted
2024-01-17,Shell Oil,-45.96,Transportation,posted
2024-01-17,Amazon,-53.02,Shopping,posted
2024-01-18,Adobe Creative Cloud,-54.99,Software,posted
2024-01-19,Amazon,-23.38,Shopping,posted
2024-01-19,Shell Oil,-38.42,Transportation,posted
2024-01-19,Chevron Gas,-32.7,Transportation,posted
2024-01-20,Power & Light Corp,-138.61,Utilities,posted
2024-01-20,City Water District,-49.56,Utilities,posted
2024-01-20,Global Telecom (Cell),-75.0,Utilities,posted
2024-01-20,McDonald's,-12.42,Coffee & Dining,posted
2024-01-20,Target,-53.16,Shopping,posted
2024-01-23,Starbucks,-7.84,Coffee & Dining,posted
2024-01-24,Chevron Gas,-62.64,Transportation,posted
2024-01-25,Gold's Gym,-45.0,Health & Fitness,posted
2024-01-25,Starbucks,-7.66,Coffee & Dining,posted
2024-01-26,Starbucks,-8.94,Coffee & Dining,posted
2024-01-27,Uber Eats,-55.64,Coffee & Dining,posted
2024-01-27,Uber Eats,-50.85,Coffee & Dining,posted
2024-01-28,Target,-45.23,Shopping,posted
2024-01-29,Chevron Gas,-64.74,Transportation,posted
2024-01-29,Uber Eats,-59.51,Coffee & Dining,posted
2024-01-31,Walmart,-119.73,Groceries,posted
2024-02-01,Revonix Corp - Direct Deposit,2500.0,Income,posted
2024-02-01,Acme Properties,-1500.0,Rent,posted
2024-02-01,Shell Oil,-40.73,Transportation,posted
2024-02-02,Chevron Gas,-41.39,Transportation,posted
2024-02-03,Target,-47.5,Shopping,posted
2024-02-03,Target,-91.04,Shopping,posted
2024-02-03,Target,-41.65,Shopping,posted
2024-02-04,Target,-75.13,Shopping,posted
2024-02-05,Netflix,-15.49,Entertainment,posted
2024-02-05,Chevron Gas,-57.67,Transportation,posted
2024-02-05,Chevron Gas,-37.81,Transportation,posted
2024-02-07,Amazon,-178.16,Shopping,posted
2024-02-08,McDonald's,-13.76,Coffee & Dining,posted
2024-02-09,Shell Oil,-62.7,Transportation,posted
2024-02-09,Starbucks,-8.3,Coffee & Dining,posted
2024-02-10,Spotify Premium,-10.99,Entertainment,posted
2024-02-10,McDonald's,-8.5,Coffee & Dining,posted
2024-02-11,Target,-15.6,Shopping,posted
2024-02-11,Kroger,-56.13,Groceries,posted
2024-02-12,Amazon,-67.98,Shopping,posted
2024-02-13,Amazon,-30.07,Shopping,posted
2024-02-13,Uber Eats,-28.61,Coffee & Dining,posted
2024-02-14,Kroger,-52.82,Groceries,posted
2024-02-15,Revonix Corp - Direct Deposit,2500.0,Income,posted
2024-02-15,GitHub Copilot,-10.0,Developer Tools,posted
2024-02-15,Chevron Gas,-35.83,Transportation,posted
2024-02-16,Target,-45.96,Shopping,posted
2024-02-16,Uber Eats,-38.38,Coffee & Dining,posted
2024-02-17,Target,-69.72,Shopping,posted
2024-02-18,Adobe Creative Cloud,-54.99,Software,posted
2024-02-20,Power & Light Corp,-141.5,Utilities,posted
2024-02-20,City Water District,-40.74,Utilities,posted
2024-02-20,Global Telecom (Cell),-75.0,Utilities,posted
2024-02-21,Amazon,-47.45,Shopping,posted
2024-02-22,Chevron Gas,-42.02,Transportation,posted
2024-02-23,Target,-25.7,Shopping,posted
2024-02-23,Target,-64.61,Shopping,posted
2024-02-23,Chevron Gas,-38.44,Transportation,posted
2024-02-24,Chevron Gas,-50.91,Transportation,posted
2024-02-24,Walmart,-45.64,Groceries,posted
2024-02-24,Kroger,-49.03,Groceries,posted
2024-02-25,Gold's Gym,-45.0,Health & Fitness,posted
2024-02-26,Shell Oil,-62.5,Transportation,posted
2024-02-26,Starbucks,-8.54,Coffee & Dining,posted
2024-02-27,Uber Eats,-58.51,Coffee & Dining,posted
2024-02-28,Kroger,-38.27,Groceries,posted
2024-02-28,Starbucks,-4.64,Coffee & Dining,posted
2024-03-01,Revonix Corp - Direct Deposit,2500.0,Income,posted
2024-03-01,Acme Properties,-1500.0,Rent,posted
2024-03-01,Walmart,-66.88,Groceries,posted
2024-03-01,Walmart,-104.1,Groceries,posted
2024-03-01,Shell Oil,-46.72,Transportation,posted
2024-03-02,Shell Oil,-37.14,Transportation,posted
2024-03-03,Starbucks,-7.43,Coffee & Dining,posted
2024-03-03,Target,-40.69,Shopping,posted
2024-03-05,Netflix,-15.49,Entertainment,posted
2024-03-07,Amazon,-49.09,Shopping,posted
2024-03-08,Kroger,-45.37,Groceries,posted
2024-03-08,Chevron Gas,-51.63,Transportation,posted
2024-03-09,Chevron Gas,-56.21,Transportation,posted
2024-03-09,Shell Oil,-66.5,Transportation,posted
2024-03-10,Spotify Premium,-10.99,Entertainment,posted
2024-03-10,Amazon,-34.03,Shopping,posted
2024-03-10,Walmart,-114.16,Groceries,posted
2024-03-11,Chevron Gas,-48.77,Transportation,posted
2024-03-12,Target,-76.63,Shopping,posted
2024-03-13,McDonald's,-14.17,Coffee & Dining,posted
2024-03-13,McDonald's,-10.29,Coffee & Dining,posted
2024-03-15,Revonix Corp - Direct Deposit,2500.0,Income,posted
2024-03-15,GitHub Copilot,-10.0,Developer Tools,posted
2024-03-15,Amazon,-154.61,Shopping,posted
2024-03-15,Uber Eats,-52.61,Coffee & Dining,posted
2024-03-16,Shell Oil,-66.39,Transportation,posted
2024-03-16,Shell Oil,-56.71,Transportation,posted
2024-03-16,Kroger,-59.54,Groceries,posted

2024-03-17,Starbucks,-6.36,Coffee & Dining,posted
2024-03-17,Target,-49.88,Shopping,posted
2024-03-18,Adobe Creative Cloud,-54.99,Software,posted
2024-03-18,Target,-93.54,Shopping,posted
2024-03-18,Walmart,-88.71,Groceries,posted
2024-03-19,Kroger,-43.94,Groceries,posted
2024-03-20,Power & Light Corp,-139.8,Utilities,posted
2024-03-20,City Water District,-33.06,Utilities,posted
2024-03-20,Global Telecom (Cell),-75.0,Utilities,posted
2024-03-20,Target,-23.19,Shopping,posted
2024-03-21,Uber Eats,-27.59,Coffee & Dining,posted
2024-03-22,Starbucks,-4.15,Coffee & Dining,posted
2024-03-22,Target,-45.89,Shopping,posted
2024-03-22,Shell Oil,-62.01,Transportation,posted
2024-03-23,Kroger,-100.72,Groceries,posted
2024-03-23,Walmart,-128.34,Groceries,posted
2024-03-24,Target,-96.5,Shopping,posted
2024-03-24,Starbucks,-8.88,Coffee & Dining,posted
2024-03-25,Gold's Gym,-45.0,Health & Fitness,posted
2024-03-25,Walmart,-35.19,Groceries,posted
2024-03-26,Walmart,-49.99,Groceries,posted
2024-03-28,McDonald's,-8.22,Coffee & Dining,posted
2024-03-28,Starbucks,-4.06,Coffee & Dining,posted
2024-03-29,Chevron Gas,-32.79,Transportation,posted
2024-03-29,McDonald's,-9.98,Coffee & Dining,posted
2024-03-29,McDonald's,-13.07,Coffee & Dining,posted
2024-03-30,Uber Eats,-59.37,Coffee & Dining,posted
2024-03-31,Starbucks,-6.1,Coffee & Dining,posted
2024-03-31,Target,-34.23,Shopping,posted
2024-04-01,Revonix Corp - Direct Deposit,2500.0,Income,posted
2024-04-01,Acme Properties,-1500.0,Rent,posted
2024-04-01,Shell Oil,-69.78,Transportation,posted
2024-04-02,Uber Eats,-59.37,Coffee & Dining,posted
2024-04-03,Shell Oil,-50.93,Transportation,posted
2024-04-05,Netflix,-15.49,Entertainment,posted
2024-04-05,Kroger,-54.17,Groceries,posted
2024-04-05,Kroger,-58.37,Groceries,posted
2024-04-06,Uber Eats,-40.7,Coffee & Dining,posted
2024-04-06,Chevron Gas,-48.27,Transportation,posted
2024-04-06,Walmart,-101.63,Groceries,posted
2024-04-07,Starbucks,-3.92,Coffee & Dining,posted
2024-04-07,Amazon,-86.64,Shopping,posted
2024-04-08,Amazon,-158.65,Shopping,posted
2024-04-09,Chevron Gas,-61.78,Transportation,posted
2024-04-10,Spotify Premium,-10.99,Entertainment,posted
2024-04-10,Shell Oil,-64.47,Transportation,posted
2024-04-10,Walmart,-41.95,Groceries,posted
2024-04-11,Amazon,-51.1,Shopping,posted
2024-04-11,Amazon,-132.01,Shopping,posted
2024-04-12,Amazon,-54.76,Shopping,posted
2024-04-12,Shell Oil,-40.56,Transportation,posted
2024-04-13,Starbucks,-5.42,Coffee & Dining,posted
2024-04-13,Chevron Gas,-53.62,Transportation,posted
2024-04-13,Walmart,-77.88,Groceries,posted
2024-04-15,Revonix Corp - Direct Deposit,2500.0,Income,posted
2024-04-15,GitHub Copilot,-10.0,Developer Tools,posted
2024-04-15,Kroger,-118.2,Groceries,posted
2024-04-18,Adobe Creative Cloud,-54.99,Software,posted
2024-04-18,Amazon,-195.26,Shopping,posted
2024-04-19,Walmart,-38.57,Groceries,posted
2024-04-19,Shell Oil,-39.74,Transportation,posted
2024-04-19,Target,-90.89,Shopping,posted
2024-04-20,Power & Light Corp,-104.74,Utilities,posted
2024-04-20,City Water District,-34.9,Utilities,posted
2024-04-20,Global Telecom (Cell),-75.0,Utilities,posted
2024-04-20,Walmart,-97.36,Groceries,posted
2024-04-20,Amazon,-175.14,Shopping,posted
2024-04-21,Kroger,-54.71,Groceries,posted
2024-04-21,Chevron Gas,-46.89,Transportation,posted
2024-04-22,Target,-43.21,Shopping,posted
2024-04-22,Shell Oil,-46.86,Transportation,posted
2024-04-23,Chevron Gas,-50.4,Transportation,posted
2024-04-23,Walmart,-79.9,Groceries,posted
2024-04-25,Gold's Gym,-45.0,Health & Fitness,posted
2024-04-25,Chevron Gas,-50.03,Transportation,posted
2024-04-26,Target,-31.47,Shopping,posted
2024-04-26,Starbucks,-5.87,Coffee & Dining,posted
2024-04-27,Shell Oil,-45.58,Transportation,posted
2024-04-27,Shell Oil,-58.27,Transportation,posted
2024-04-27,Chevron Gas,-45.79,Transportation,posted
2024-04-29,Uber Eats,-38.39,Coffee & Dining,posted
2024-04-29,Amazon,-17.06,Shopping,posted
2024-05-01,Revonix Corp - Direct Deposit,2500.0,Income,posted
2024-05-01,Acme Properties,-1500.0,Rent,posted
2024-05-01,Target,-20.22,Shopping,posted
2024-05-01,Uber Eats,-39.42,Coffee & Dining,posted
2024-05-02,Walmart,-58.24,Groceries,posted
2024-05-03,Shell Oil,-67.82,Transportation,posted
2024-05-04,Walmart,-63.38,Groceries,posted
2024-05-04,Target,-87.38,Shopping,posted
2024-05-05,Netflix,-15.49,Entertainment,posted
2024-05-05,McDonald's,-8.82,Coffee & Dining,posted
2024-05-05,Uber Eats,-50.76,Coffee & Dining,posted
2024-05-06,Shell Oil,-38.62,Transportation,posted
2024-05-06,Kroger,-74.19,Groceries,posted
2024-05-07,Shell Oil,-35.91,Transportation,posted
2024-05-08,McDonald's,-13.43,Coffee & Dining,posted
2024-05-09,Shell Oil,-49.7,Transportation,posted
2024-05-10,Spotify Premium,-10.99,Entertainment,posted
2024-05-10,McDonald's,-9.11,Coffee & Dining,posted
2024-05-11,Shell Oil,-52.47,Transportation,posted
2024-05-11,Target,-52.03,Shopping,posted
2024-05-11,Target,-80.96,Shopping,posted
2024-05-12,Shell Oil,-61.89,Transportation,posted
2024-05-13,Target,-92.53,Shopping,posted
2024-05-14,Kroger,-82.85,Groceries,posted
2024-05-14,Target,-34.13,Shopping,posted
2024-05-15,Revonix Corp - Direct Deposit,2500.0,Income,posted
2024-05-15,GitHub Copilot,-10.0,Developer Tools,posted
2024-05-15,Target,-53.31,Shopping,posted
2024-05-17,Chevron Gas,-39.13,Transportation,posted
2024-05-17,Chevron Gas,-56.5,Transportation,posted
2024-05-17,Kroger,-35.27,Groceries,posted
2024-05-18,Adobe Creative Cloud,-54.99,Software,posted
2024-05-18,McDonald's,-14.38,Coffee & Dining,posted
2024-05-18,Shell Oil,-49.52,Transportation,posted
2024-05-19,Uber Eats,-46.43,Coffee & Dining,posted
2024-05-20,Power & Light Corp,-119.41,Utilities,posted
2024-05-20,City Water District,-43.77,Utilities,posted
2024-05-20,Global Telecom (Cell),-75.0,Utilities,posted

2024-05-20,Walmart,-24.96,Groceries,posted
2024-05-20,Starbucks,-7.04,Coffee & Dining,posted
2024-05-22,Walmart,-119.76,Groceries,posted
2024-05-22,Target,-63.0,Shopping,posted
2024-05-24,Chevron Gas,-42.99,Transportation,posted
2024-05-24,McDonald's,-9.51,Coffee & Dining,posted
2024-05-24,Shell Oil,-55.91,Transportation,posted
2024-05-25,Gold's Gym,-45.0,Health & Fitness,posted
2024-05-25,Walmart,-126.12,Groceries,posted
2024-05-25,McDonald's,-13.66,Coffee & Dining,posted
--- JUNK ROW HEADER ---,JUNK,JUNK,JUNK,JUNK
2024-05-25,Shell Oil,-47.47,Transportation,posted
2024-05-26,Target,-37.06,Shopping,posted
2024-05-26,Walmart,-29.41,Groceries,posted
2024-05-27,Shell Oil,-53.64,Transportation,posted
2024-05-28,Amazon,-175.24,Shopping,posted
2024-05-28,McDonald's,-11.21,Coffee & Dining,posted
2024-05-29,McDonald's,-11.89,Coffee & Dining,posted
2024-05-30,Uber Eats,-30.89,Coffee & Dining,posted
2024-05-31,Target,-63.83,Shopping,posted
2024-05-31,Uber Eats,-26.68,Coffee & Dining,posted
2024-05-31,Chevron Gas,-33.31,Transportation,posted
2024-06-01,Revonix Corp - Direct Deposit,2500.0,Income,posted
2024-06-01,Acme Properties,-1500.0,Rent,posted
2024-06-01,Target,-51.69,Shopping,posted
2024-06-02,Amazon,-51.78,Shopping,posted
2024-06-03,Kroger,-65.78,Groceries,posted
2024-06-05,Netflix,-15.49,Entertainment,posted
2024-06-07,Walmart,-138.8,Groceries,posted
2024-06-07,Starbucks,-4.11,Coffee & Dining,posted
2024-06-08,McDonald's,-9.94,Coffee & Dining,posted
2024-06-08,Chevron Gas,-59.44,Transportation,posted
2024-06-10,Spotify Premium,-10.99,Entertainment,posted
2024-06-12,Amazon,-172.56,Shopping,posted
2024-06-12,McDonald's,-14.32,Coffee & Dining,posted
2024-06-13,Shell Oil,-53.04,Transportation,posted
2024-06-14,Target,-94.98,Shopping,posted
2024-06-14,Target,-41.65,Shopping,posted
2024-06-15,Revonix Corp - Direct Deposit,2500.0,Income,posted
2024-06-15,GitHub Copilot,-10.0,Developer Tools,posted
2024-06-15,Uber Eats,-40.36,Coffee & Dining,posted
2024-06-15,Kroger,-50.72,Groceries,posted
2024-06-17,Starbucks,-4.64,Coffee & Dining,posted
2024-06-18,Adobe Creative Cloud,-54.99,Software,posted
2024-06-19,McDonald's,-10.06,Coffee & Dining,posted
2024-06-19,Shell Oil,-63.84,Transportation,posted
2024-06-20,Power & Light Corp,-129.01,Utilities,posted
2024-06-20,City Water District,-48.02,Utilities,posted
2024-06-20,Global Telecom (Cell),-75.0,Utilities,posted
2024-06-20,Chevron Gas,-61.91,Transportation,posted
2024-06-21,Starbucks,-8.78,Coffee & Dining,posted
2024-06-21,Amazon,-168.58,Shopping,posted
2024-06-21,Target,-67.78,Shopping,posted
2024-06-22,Amazon,-46.59,Shopping,posted
2024-06-23,Kroger,-24.08,Groceries,posted
2024-06-23,McDonald's,-12.81,Coffee & Dining,posted
2024-06-24,Uber Eats,-50.81,Coffee & Dining,posted
2024-06-25,Gold's Gym,-45.0,Health & Fitness,posted
2024-06-25,Starbucks,-7.85,Coffee & Dining,posted
2024-06-27,Chevron Gas,-55.69,Transportation,posted
2024-06-28,Walmart,-116.52,Groceries,posted
2024-06-29,Kroger,-26.43,Groceries,posted
2024-07-01,Revonix Corp - Direct Deposit,2500.0,Income,posted
2024-07-01,Acme Properties,-1500.0,Rent,posted
2024-07-01,Uber Eats,-54.87,Coffee & Dining,posted
2024-07-02,Uber Eats,-53.31,Coffee & Dining,posted
2024-07-03,Walmart,-59.95,Groceries,posted
2024-07-05,Netflix,-15.49,Entertainment,posted
2024-07-05,Amazon,-163.83,Shopping,posted
2024-07-05,Walmart,-142.47,Groceries,posted
2024-07-05,Uber Eats,-45.37,Coffee & Dining,posted
2024-07-06,McDonald's,-13.81,Coffee & Dining,posted
2024-07-07,Amazon,-28.27,Shopping,posted
2024-07-08,Starbucks,-8.21,Coffee & Dining,posted
2024-07-09,Starbucks,-8.14,Coffee & Dining,posted
2024-07-09,Uber Eats,-35.67,Coffee & Dining,posted
2024-07-10,Spotify Premium,-10.99,Entertainment,posted
2024-07-12,Amazon,-115.59,Shopping,posted
2024-07-12,Target,-62.87,Shopping,posted
2024-07-13,Target,-88.15,Shopping,posted
2024-07-14,Walmart,-102.78,Groceries,posted
2024-07-14,Amazon,-12.95,Shopping,posted
2024-07-15,Revonix Corp - Direct Deposit,2500.0,Income,posted
2024-07-15,GitHub Copilot,-10.0,Developer Tools,posted
2024-07-15,McDonald's,-10.94,Coffee & Dining,posted
2024-07-17,McDonald's,-12.36,Coffee & Dining,posted
2024-07-17,Kroger,-25.16,Groceries,posted
2024-07-18,Adobe Creative Cloud,-54.99,Software,posted
2024-07-19,Starbucks,-7.95,Coffee & Dining,posted
2024-07-19,Kroger,-24.99,Groceries,posted
2024-07-20,Power & Light Corp,-105.14,Utilities,posted
2024-07-20,City Water District,-45.97,Utilities,posted
2024-07-20,Global Telecom (Cell),-75.0,Utilities,posted
2024-07-20,Kroger,-46.68,Groceries,posted
2024-07-20,Chevron Gas,-36.26,Transportation,posted
2024-07-20,Kroger,-101.53,Groceries,posted
2024-07-21,McDonald's,-14.6,Coffee & Dining,posted
2024-07-22,McDonald's,-10.1,Coffee & Dining,posted
2024-07-23,Uber Eats,-26.93,Coffee & Dining,posted
2024-07-24,Kroger,-77.92,Groceries,posted
2024-07-25,Gold's Gym,-45.0,Health & Fitness,posted
2024-07-25,Starbucks,-4.43,Coffee & Dining,posted
2024-07-26,Kroger,-82.6,Groceries,posted
2024-07-26,Chevron Gas,-42.82,Transportation,posted
2024-07-27,Uber Eats,-38.21,Coffee & Dining,posted
2024-07-27,McDonald's,-10.54,Coffee & Dining,posted
2024-07-27,McDonald's,-14.94,Coffee & Dining,posted
2024-07-29,Amazon,-130.19,Shopping,posted
2024-07-29,Kroger,-111.01,Groceries,posted
2024-07-30,Chevron Gas,-39.44,Transportation,posted
2024-07-31,Amazon,-94.65,Shopping,posted
2024-08-01,Revonix Corp - Direct Deposit,2500.0,Income,posted
2024-08-01,Acme Properties,-1500.0,Rent,posted
2024-08-02,Starbucks,-4.75,Coffee & Dining,posted
2024-08-02,Target,-41.41,Shopping,posted
2024-08-02,Shell Oil,-41.9,Transportation,posted
2024-08-03,Chevron Gas,-41.3,Transportation,posted
2024-08-04,Kroger,-94.67,Groceries,posted
2024-08-04,Starbucks,-8.73,Coffee & Dining,posted
2024-08-05,Netflix,-15.49,Entertainment,posted
2024-08-05,Target,-52.5,Shopping,posted

2024-08-06,Starbucks,-6.92,Coffee & Dining,posted
2024-08-07,Kroger,-73.68,Groceries,posted
2024-08-09,Chevron Gas,-40.77,Transportation,posted
2024-08-09,Shell Oil,-63.46,Transportation,posted
2024-08-09,Shell Oil,-46.42,Transportation,posted
2024-08-10,Spotify Premium,-10.99,Entertainment,posted
2024-08-10,Walmart,-55.75,Groceries,posted
2024-08-11,Uber Eats,-54.45,Coffee & Dining,posted
2024-08-12,Shell Oil,-62.83,Transportation,posted
2024-08-13,Amazon,-186.44,Shopping,posted
2024-08-13,Uber Eats,-44.59,Coffee & Dining,posted
2024-08-14,McDonald's,-9.03,Coffee & Dining,posted
2024-08-14,Target,-24.22,Shopping,posted
2024-08-15,Revonix Corp - Direct Deposit,2500.0,Income,posted
2024-08-15,GitHub Copilot,-10.0,Developer Tools,posted
2024-08-15,Target,-93.26,Shopping,posted
2024-08-16,McDonald's,-14.84,Coffee & Dining,posted
2024-08-16,Amazon,-191.51,Shopping,posted
2024-08-17,Shell Oil,-47.58,Transportation,posted
2024-08-17,Uber Eats,-30.13,Coffee & Dining,posted
2024-08-17,Target,-73.65,Shopping,posted
2024-08-18,Adobe Creative Cloud,-54.99,Software,posted
2024-08-18,Shell Oil,-45.34,Transportation,posted
2024-08-18,McDonald's,-8.96,Coffee & Dining,posted
2024-08-20,Power & Light Corp,-121.53,Utilities,posted
2024-08-20,City Water District,-38.03,Utilities,posted
2024-08-20,Global Telecom (Cell),-75.0,Utilities,posted
2024-08-20,Chevron Gas,-36.89,Transportation,posted
2024-08-20,Amazon,-40.11,Shopping,posted
2024-08-21,Shell Oil,-52.91,Transportation,posted
2024-08-22,Chevron Gas,-48.87,Transportation,posted
2024-08-23,Kroger,-91.93,Groceries,posted
2024-08-23,Chevron Gas,-58.58,Transportation,posted
2024-08-24,Walmart,-65.81,Groceries,posted
2024-08-24,Shell Oil,-60.95,Transportation,posted
2024-08-24,Target,-26.6,Shopping,posted
2024-08-25,Gold's Gym,-45.0,Health & Fitness,posted
2024-08-25,Starbucks,-4.96,Coffee & Dining,posted
2024-08-26,Starbucks,-4.88,Coffee & Dining,posted
2024-08-27,Amazon,-102.06,Shopping,posted
2024-08-28,Target,-39.86,Shopping,posted
2024-08-29,Starbucks,-8.42,Coffee & Dining,posted
2024-08-29,Walmart,-80.35,Groceries,posted
2024-08-30,Shell Oil,-44.34,Transportation,posted
2024-08-30,Chevron Gas,-59.66,Transportation,posted
2024-08-31,Walmart,-101.54,Groceries,posted
2024-09-01,Revonix Corp - Direct Deposit,2500.0,Income,posted
2024-09-01,Acme Properties,-1500.0,Rent,posted
2024-09-04,Starbucks,-3.75,Coffee & Dining,posted
2024-09-05,Netflix,-15.49,Entertainment,posted
2024-09-05,Starbucks,-3.74,Coffee & Dining,posted
2024-09-05,Chevron Gas,-53.27,Transportation,posted
2024-09-06,McDonald's,-14.1,Coffee & Dining,posted
2024-09-06,Starbucks,-6.48,Coffee & Dining,posted
2024-09-06,Target,-65.35,Shopping,posted
2024-09-07,Chevron Gas,-42.98,Transportation,posted
2024-09-07,Chevron Gas,-52.04,Transportation,posted
2024-09-08,Chevron Gas,-57.33,Transportation,posted
2024-09-08,Chevron Gas,-44.68,Transportation,posted
2024-09-09,Chevron Gas,-52.61,Transportation,posted
2024-09-10,Spotify Premium,-10.99,Entertainment,posted
2024-09-10,Chevron Gas,-45.06,Transportation,posted
2024-09-11,Kroger,-65.4,Groceries,posted
2024-09-12,Chevron Gas,-40.15,Transportation,posted
2024-09-13,Walmart,-33.19,Groceries,posted
2024-09-13,Chevron Gas,-63.56,Transportation,posted
2024-09-14,Chevron Gas,-48.65,Transportation,posted
2024-09-15,Revonix Corp - Direct Deposit,2500.0,Income,posted
2024-09-15,GitHub Copilot,-10.0,Developer Tools,posted
2024-09-15,Starbucks,-6.81,Coffee & Dining,posted
2024-09-15,Kroger,-96.39,Groceries,posted
2024-09-16,Target,-85.92,Shopping,posted
2024-09-16,McDonald's,-9.97,Coffee & Dining,posted
2024-09-17,Amazon,-122.6,Shopping,posted
2024-09-18,Adobe Creative Cloud,-54.99,Software,posted
2024-09-20,Power & Light Corp,-120.93,Utilities,posted
2024-09-20,City Water District,-38.23,Utilities,posted
2024-09-20,Global Telecom (Cell),-75.0,Utilities,posted
2024-09-20,Chevron Gas,-61.49,Transportation,posted
2024-09-20,McDonald's,-14.96,Coffee & Dining,posted
2024-09-20,Amazon,-73.42,Shopping,posted
2024-09-21,Target,-52.42,Shopping,posted
2024-09-22,Amazon,-88.88,Shopping,posted
2024-09-22,McDonald's,-10.11,Coffee & Dining,posted
2024-09-23,Walmart,-143.38,Groceries,posted
2024-09-23,Walmart,-71.02,Groceries,posted
2024-09-24,Walmart,-53.79,Groceries,posted
2024-09-25,Gold's Gym,-45.0,Health & Fitness,posted
2024-09-25,Shell Oil,-61.18,Transportation,posted
2024-09-25,McDonald's,-13.77,Coffee & Dining,posted
",,,",,,,
2024-09-26,Walmart,-26.86,Groceries,posted
2024-09-27,Uber Eats,-27.53,Coffee & Dining,posted
2024-09-27,Starbucks,-7.71,Coffee & Dining,posted
2024-09-27,Shell Oil,-40.15,Transportation,posted
2024-09-28,Starbucks,-4.74,Coffee & Dining,posted
2024-09-28,Amazon,-18.75,Shopping,posted
2024-09-30,Kroger,-102.22,Groceries,posted
2024-10-01,Revonix Corp - Direct Deposit,2500.0,Income,posted
2024-10-01,Acme Properties,-1500.0,Rent,posted
2024-10-01,Amazon,-140.72,Shopping,posted
2024-10-02,Uber Eats,-54.02,Coffee & Dining,posted
2024-10-03,Walmart,-27.23,Groceries,posted
2024-10-04,Shell Oil,-64.92,Transportation,posted
2024-10-04,Target,-61.34,Shopping,posted
2024-10-04,Uber Eats,-43.5,Coffee & Dining,posted
2024-10-05,Netflix,-15.49,Entertainment,posted
2024-10-05,Target,-39.77,Shopping,posted
2024-10-05,Uber Eats,-33.39,Coffee & Dining,posted
2024-10-07,McDonald's,-8.66,Coffee & Dining,posted
2024-10-08,Uber Eats,-56.83,Coffee & Dining,posted
2024-10-08,Chevron Gas,-63.72,Transportation,posted
2024-10-10,Spotify Premium,-10.99,Entertainment,posted
2024-10-10,Walmart,-107.51,Groceries,posted
2024-10-11,Kroger,-89.47,Groceries,posted
2024-10-11,Chevron Gas,-50.42,Transportation,posted
2024-10-11,Amazon,-24.22,Shopping,posted
2024-10-12,Kroger,-53.08,Groceries,posted
2024-10-12,Starbucks,-5.35,Coffee & Dining,posted
2024-10-12,Chevron Gas,-33.25,Transportation,posted
2024-10-13,Amazon,-21.93,Shopping,posted

2024-10-14,Target,-20.74,Shopping,posted
2024-10-15,Revonix Corp - Direct Deposit,2500.0,Income,posted
2024-10-15,GitHub Copilot,-10.0,Developer Tools,posted
2024-10-15,Chevron Gas,-53.15,Transportation,posted
2024-10-16,Starbucks,-7.9,Coffee & Dining,posted
2024-10-18,Adobe Creative Cloud,-54.99,Software,posted
2024-10-18,Chevron Gas,-61.07,Transportation,posted
2024-10-18,McDonald's,-13.18,Coffee & Dining,posted
2024-10-19,Kroger,-98.59,Groceries,posted
2024-10-19,Chevron Gas,-36.51,Transportation,posted
2024-10-19,Starbucks,-5.36,Coffee & Dining,posted
2024-10-20,Power & Light Corp,-142.79,Utilities,posted
2024-10-20,City Water District,-33.7,Utilities,posted
2024-10-20,Global Telecom (Cell),-75.0,Utilities,posted
2024-10-20,Chevron Gas,-52.46,Transportation,posted
2024-10-23,Shell Oil,-67.91,Transportation,posted
2024-10-23,Amazon,-117.34,Shopping,posted
2024-10-24,Uber Eats,-54.35,Coffee & Dining,posted
2024-10-25,Gold's Gym,-45.0,Health & Fitness,posted
2024-10-25,Uber Eats,-35.79,Coffee & Dining,posted
2024-10-25,Shell Oil,-44.71,Transportation,posted
2024-10-25,Walmart,-110.79,Groceries,posted
2024-10-26,Chevron Gas,-56.32,Transportation,posted
2024-10-27,Amazon,-55.46,Shopping,posted
2024-10-28,Chevron Gas,-32.65,Transportation,posted
2024-10-28,Kroger,-25.38,Groceries,posted
2024-10-29,Uber Eats,-41.26,Coffee & Dining,posted
2024-10-29,Shell Oil,-47.92,Transportation,posted
2024-10-30,Walmart,-34.96,Groceries,posted
2024-10-31,Walmart,-87.98,Groceries,posted
2024-11-01,Revonix Corp - Direct Deposit,2500.0,Income,posted
2024-11-01,Acme Properties,-1500.0,Rent,posted
2024-11-01,Starbucks,-7.59,Coffee & Dining,posted
2024-11-02,Chevron Gas,-59.94,Transportation,posted
2024-11-03,Uber Eats,-28.9,Coffee & Dining,posted
2024-11-04,McDonald's,-10.53,Coffee & Dining,posted
2024-11-05,Netflix,-15.49,Entertainment,posted
2024-11-06,Kroger,-116.53,Groceries,posted
2024-11-06,McDonald's,-11.69,Coffee & Dining,posted
2024-11-07,McDonald's,-14.25,Coffee & Dining,posted
2024-11-08,Starbucks,-5.36,Coffee & Dining,posted
2024-11-08,Chevron Gas,-43.08,Transportation,posted
2024-11-09,Target,-20.96,Shopping,posted
2024-11-09,Walmart,-22.52,Groceries,posted
2024-11-10,Spotify Premium,-10.99,Entertainment,posted
2024-11-11,Starbucks,-6.0,Coffee & Dining,posted
2024-11-12,Shell Oil,-45.01,Transportation,posted
2024-11-14,Shell Oil,-67.87,Transportation,posted
2024-11-15,Revonix Corp - Direct Deposit,2500.0,Income,posted
2024-11-15,GitHub Copilot,-10.0,Developer Tools,posted
2024-11-15,Starbucks,-5.74,Coffee & Dining,posted
2024-11-15,Starbucks,-8.05,Coffee & Dining,posted
2024-11-15,Chevron Gas,-35.31,Transportation,posted
2024-11-16,Amazon,-45.24,Shopping,posted
2024-11-17,Chevron Gas,-39.8,Transportation,posted
2024-11-17,Starbucks,-5.75,Coffee & Dining,posted
2024-11-18,Adobe Creative Cloud,-54.99,Software,posted
2024-11-18,Kroger,-51.43,Groceries,posted
2024-11-18,Chevron Gas,-53.39,Transportation,posted
2024-11-19,Shell Oil,-37.58,Transportation,posted
2024-11-19,Kroger,-54.02,Groceries,posted
2024-11-20,Power & Light Corp,-86.11,Utilities,posted
2024-11-20,City Water District,-33.53,Utilities,posted
2024-11-20,Global Telecom (Cell),-75.0,Utilities,posted
2024-11-20,Uber Eats,-51.45,Coffee & Dining,posted
2024-11-21,Uber Eats,-43.17,Coffee & Dining,posted
2024-11-21,Uber Eats,-57.59,Coffee & Dining,posted
2024-11-22,Kroger,-49.75,Groceries,posted
2024-11-22,Target,-30.27,Shopping,posted
2024-11-22,Chevron Gas,-38.32,Transportation,posted
2024-11-23,Chevron Gas,-36.33,Transportation,posted
2024-11-23,Starbucks,-8.6,Coffee & Dining,posted
2024-11-23,Amazon,-24.06,Shopping,posted
2024-11-24,Uber Eats,-58.03,Coffee & Dining,posted
2024-11-25,Gold's Gym,-45.0,Health & Fitness,posted
2024-11-25,Starbucks,-7.28,Coffee & Dining,posted
2024-11-26,Amazon,-103.53,Shopping,posted
2024-11-27,Starbucks,-8.36,Coffee & Dining,posted
2024-11-27,McDonald's,-13.63,Coffee & Dining,posted
2024-11-28,Target,-32.64,Shopping,posted
2024-11-29,Starbucks,-4.36,Coffee & Dining,posted
2024-11-29,Walmart,-105.14,Groceries,posted
2024-11-30,Uber Eats,-29.02,Coffee & Dining,posted
2024-11-30,Uber Eats,-48.98,Coffee & Dining,posted
2024-12-01,Revonix Corp - Direct Deposit,2500.0,Income,posted
2024-12-01,Acme Properties,-1500.0,Rent,posted
2024-12-02,Starbucks,-7.89,Coffee & Dining,posted
2024-12-02,Uber Eats,-37.74,Coffee & Dining,posted
2024-12-04,Kroger,-80.04,Groceries,posted
2024-12-04,Kroger,-27.53,Groceries,posted
2024-12-05,Netflix,-15.49,Entertainment,posted
2024-12-05,Uber Eats,-40.94,Coffee & Dining,posted
2024-12-05,Amazon,-118.05,Shopping,posted
2024-12-06,Walmart,-147.64,Groceries,posted
2024-12-06,Uber Eats,-46.03,Coffee & Dining,posted
2024-12-07,Target,-44.15,Shopping,posted
2024-12-07,Uber Eats,-35.88,Coffee & Dining,posted
2024-12-08,Chevron Gas,-46.2,Transportation,posted
2024-12-10,Spotify Premium,-10.99,Entertainment,posted
2024-12-10,Walmart,-110.43,Groceries,posted
2024-12-11,Chevron Gas,-45.2,Transportation,posted
2024-12-12,Uber Eats,-55.77,Coffee & Dining,posted
2024-12-13,Uber Eats,-37.61,Coffee & Dining,posted
2024-12-14,Shell Oil,-38.78,Transportation,posted
2024-12-14,Kroger,-58.42,Groceries,posted
2024-12-14,Walmart,-134.83,Groceries,posted
2024-12-15,Revonix Corp - Direct Deposit,2500.0,Income,posted
2024-12-15,GitHub Copilot,-10.0,Developer Tools,posted
2024-12-15,Chevron Gas,-52.65,Transportation,posted
2024-12-18,Adobe Creative Cloud,-54.99,Software,posted
2024-12-19,McDonald's,-8.64,Coffee & Dining,posted
2024-12-20,Power & Light Corp,-132.77,Utilities,posted
2024-12-20,City Water District,-42.81,Utilities,posted
2024-12-20,Global Telecom (Cell),-75.0,Utilities,posted
2024-12-20,Walmart,-43.94,Groceries,posted
2024-12-20,Starbucks,-7.87,Coffee & Dining,posted
2024-12-20,Shell Oil,-47.7,Transportation,posted
2024-12-21,Uber Eats,-32.49,Coffee & Dining,posted
2024-12-21,Walmart,-110.05,Groceries,posted
2024-12-21,Uber Eats,-28.88,Coffee & Dining,posted

2024-12-23,Shell Oil,-59.66,Transportation,posted
2024-12-24,Shell Oil,-45.99,Transportation,posted
2024-12-25,Gold's Gym,-45.0,Health & Fitness,posted
2024-12-26,Walmart,-119.21,Groceries,posted
2024-12-26,Walmart,-134.89,Groceries,posted
2024-12-27,Uber Eats,-37.61,Coffee & Dining,posted
2024-12-28,Target,-17.38,Shopping,posted
2024-12-29,McDonald's,-9.23,Coffee & Dining,posted
2024-12-29,Amazon,-75.01,Shopping,posted
2024-12-31,Kroger,-88.86,Groceries,posted
2025-01-01,Revonix Corp - Direct Deposit,2500.0,Income,posted
2025-01-01,Acme Properties,-1500.0,Rent,posted
2025-01-01,Chevron Gas,-42.81,Transportation,posted
2025-01-02,McDonald's,-14.53,Coffee & Dining,posted
2025-01-02,McDonald's,-14.47,Coffee & Dining,posted
2025-01-03,Chevron Gas,-50.98,Transportation,posted
2025-01-04,Shell Oil,-62.88,Transportation,posted
2025-01-04,Kroger,-103.31,Groceries,posted
2025-01-04,Target,-22.9,Shopping,posted
2025-01-05,Netflix,-15.49,Entertainment,posted
2025-01-07,Uber Eats,-59.03,Coffee & Dining,posted
2025-01-10,Spotify Premium,-10.99,Entertainment,posted
2025-01-10,McDonald's,-8.03,Coffee & Dining,posted
2025-01-11,Uber Eats,-27.01,Coffee & Dining,posted
2025-01-11,McDonald's,-14.38,Coffee & Dining,posted
2025-01-11,Walmart,-104.74,Groceries,posted
2025-01-12,Target,-54.4,Shopping,posted
2025-01-12,Amazon,-121.46,Shopping,posted
2025-01-13,Target,-38.51,Shopping,posted
2025-01-14,Amazon,-198.26,Shopping,posted
2025-01-15,Revonix Corp - Direct Deposit,2500.0,Income,posted
2025-01-15,GitHub Copilot,-10.0,Developer Tools,posted
2025-01-15,Uber Eats,-32.53,Coffee & Dining,posted
2025-01-17,Walmart,-71.96,Groceries,posted
2025-01-18,Adobe Creative Cloud,-54.99,Software,posted
2025-01-18,Shell Oil,-55.63,Transportation,posted
2025-01-18,Starbucks,-5.33,Coffee & Dining,posted
2025-01-18,McDonald's,-14.26,Coffee & Dining,posted
2025-01-20,Power & Light Corp,-137.6,Utilities,posted
2025-01-20,City Water District,-34.87,Utilities,posted
2025-01-20,Global Telecom (Cell),-75.0,Utilities,posted
2025-01-20,Uber Eats,-29.32,Coffee & Dining,posted
2025-01-20,Chevron Gas,-46.91,Transportation,posted
2025-01-21,Starbucks,-6.25,Coffee & Dining,posted
2025-01-21,Target,-18.16,Shopping,posted
2025-01-22,Walmart,-91.14,Groceries,posted
2025-01-22,McDonald's,-10.24,Coffee & Dining,posted
2025-01-24,Walmart,-134.99,Groceries,posted
2025-01-24,Shell Oil,-67.03,Transportation,posted
2025-01-25,Gold's Gym,-45.0,Health & Fitness,posted
2025-01-25,Walmart,-69.05,Groceries,posted
2025-01-25,Target,-31.38,Shopping,posted
2025-01-27,Starbucks,-7.13,Coffee & Dining,posted
2025-01-28,Kroger,-19.13,Groceries,posted
2025-01-28,Shell Oil,-65.67,Transportation,posted
2025-01-29,McDonald's,-8.29,Coffee & Dining,posted
2025-01-29,Target,-56.61,Shopping,posted
2025-01-30,Starbucks,-8.64,Coffee & Dining,posted
2025-01-30,Kroger,-32.25,Groceries,posted
2025-01-31,McDonald's,-9.09,Coffee & Dining,posted
2025-01-31,McDonald's,-10.18,Coffee & Dining,posted
2025-01-31,Uber Eats,-28.72,Coffee & Dining,posted
2025-02-01,Revonix Corp - Direct Deposit,2500.0,Income,posted
2025-02-01,Acme Properties,-1500.0,Rent,posted
2025-02-01,Kroger,-73.43,Groceries,posted
2025-02-03,Amazon,-108.5,Shopping,posted
2025-02-04,McDonald's,-9.29,Coffee & Dining,posted
2025-02-04,Shell Oil,-68.43,Transportation,posted
2025-02-05,Netflix,-15.49,Entertainment,posted
2025-02-06,Shell Oil,-52.8,Transportation,posted
2025-02-07,Amazon,-27.22,Shopping,posted
2025-02-07,Uber Eats,-34.99,Coffee & Dining,posted
2025-02-08,Uber Eats,-30.41,Coffee & Dining,posted
2025-02-08,McDonald's,-9.01,Coffee & Dining,posted
2025-02-10,Spotify Premium,-10.99,Entertainment,posted
2025-02-10,Walmart,-141.82,Groceries,posted
2025-02-10,Chevron Gas,-36.1,Transportation,posted
2025-02-12,Shell Oil,-40.5,Transportation,posted
2025-02-12,Chevron Gas,-47.54,Transportation,posted
2025-02-13,Uber Eats,-50.03,Coffee & Dining,posted
2025-02-14,Shell Oil,-44.51,Transportation,posted
2025-02-14,Amazon,-30.07,Shopping,posted
2025-02-15,Revonix Corp - Direct Deposit,2500.0,Income,posted
2025-02-15,GitHub Copilot,-10.0,Developer Tools,posted
2025-02-15,Chevron Gas,-37.97,Transportation,posted
2025-02-15,Walmart,-143.06,Groceries,posted
2025-02-15,Kroger,-36.36,Groceries,posted
2025-02-17,Target,-37.28,Shopping,posted
2025-02-17,McDonald's,-9.29,Coffee & Dining,posted
2025-02-18,Adobe Creative Cloud,-54.99,Software,posted
2025-02-18,Shell Oil,-65.53,Transportation,posted
2025-02-19,Shell Oil,-37.73,Transportation,posted
2025-02-20,Power & Light Corp,-96.63,Utilities,posted
2025-02-20,City Water District,-40.09,Utilities,posted
2025-02-20,Global Telecom (Cell),-75.0,Utilities,posted
2025-02-20,Kroger,-59.94,Groceries,posted
2025-02-21,McDonald's,-14.09,Coffee & Dining,posted
2025-02-22,Shell Oil,-50.97,Transportation,posted
2025-02-22,Shell Oil,-45.68,Transportation,posted
2025-02-22,Walmart,-99.83,Groceries,posted
2025-02-23,Shell Oil,-55.36,Transportation,posted
2025-02-23,Chevron Gas,-42.02,Transportation,posted
2025-02-24,Amazon,-164.46,Shopping,posted
2025-02-25,Gold's Gym,-45.0,Health & Fitness,posted
2025-02-26,Target,-94.11,Shopping,posted
2025-02-27,Target,-64.65,Shopping,posted
2025-02-27,Amazon,-65.65,Shopping,posted
2025-02-28,McDonald's,-14.16,Coffee & Dining,posted
2025-02-28,Target,-17.64,Shopping,posted
2025-03-01,Revonix Corp - Direct Deposit,2500.0,Income,posted
2025-03-01,Acme Properties,-1500.0,Rent,posted
2025-03-01,Kroger,-18.33,Groceries,posted
2025-03-01,McDonald's,-9.63,Coffee & Dining,posted
2025-03-02,Kroger,-81.42,Groceries,posted
2025-03-02,Kroger,-62.61,Groceries,posted
2025-03-03,Shell Oil,-58.36,Transportation,posted
2025-03-04,Uber Eats,-37.84,Coffee & Dining,posted
2025-03-05,Netflix,-15.49,Entertainment,posted
2025-03-07,Uber Eats,-54.68,Coffee & Dining,posted
2025-03-07,Target,-43.67,Shopping,posted

2025-03-08,McDonald's,-9.58,Coffee & Dining,posted
2025-03-08,Kroger,-45.59,Groceries,posted
2025-03-08,Amazon,-87.4,Shopping,posted
2025-03-09,Amazon,-172.73,Shopping,posted
2025-03-09,Target,-48.71,Shopping,posted
2025-03-10,Spotify Premium,-10.99,Entertainment,posted
2025-03-10,Walmart,-61.94,Groceries,posted
2025-03-11,McDonald's,-10.69,Coffee & Dining,posted
2025-03-12,Target,-77.93,Shopping,posted
2025-03-12,Uber Eats,-30.91,Coffee & Dining,posted
2025-03-14,Walmart,-43.74,Groceries,posted
2025-03-15,Revonix Corp - Direct Deposit,2500.0,Income,posted
2025-03-15,GitHub Copilot,-10.0,Developer Tools,posted
2025-03-15,Starbucks,-5.2,Coffee & Dining,posted
2025-03-15,Chevron Gas,-64.96,Transportation,posted
2025-03-15,Starbucks,-7.04,Coffee & Dining,posted
2025-03-18,Adobe Creative Cloud,-54.99,Software,posted
2025-03-19,Kroger,-37.18,Groceries,posted
2025-03-20,Power & Light Corp,-126.45,Utilities,posted
2025-03-20,City Water District,-33.5,Utilities,posted
2025-03-20,Global Telecom (Cell),-75.0,Utilities,posted
2025-03-20,Target,-78.66,Shopping,posted
2025-03-21,Target,-64.48,Shopping,posted
2025-03-22,Shell Oil,-52.51,Transportation,posted
2025-03-25,Gold's Gym,-45.0,Health & Fitness,posted
2025-03-25,Shell Oil,-65.38,Transportation,posted
2025-03-26,Kroger,-100.66,Groceries,posted
2025-03-27,Chevron Gas,-36.79,Transportation,posted
2025-03-27,Kroger,-90.26,Groceries,posted
2025-03-28,Kroger,-19.19,Groceries,posted
2025-03-29,Kroger,-47.36,Groceries,posted
2025-03-31,Walmart,-88.35,Groceries,posted
2025-03-31,Amazon,-34.91,Shopping,posted
2025-04-01,Revonix Corp - Direct Deposit,2500.0,Income,posted
2025-04-01,Acme Properties,-1500.0,Rent,posted
2025-04-01,Shell Oil,-47.87,Transportation,posted
2025-04-01,McDonald's,-12.51,Coffee & Dining,posted
2025-04-02,Chevron Gas,-34.25,Transportation,posted
2025-04-02,Uber Eats,-49.28,Coffee & Dining,posted
2025-04-04,Starbucks,-4.86,Coffee & Dining,posted
2025-04-05,Netflix,-15.49,Entertainment,posted
2025-04-05,Uber Eats,-47.2,Coffee & Dining,posted
2025-04-05,McDonald's,-8.32,Coffee & Dining,posted
2025-04-05,Starbucks,-3.83,Coffee & Dining,posted
2025-04-06,Kroger,-104.16,Groceries,posted
2025-04-06,McDonald's,-11.0,Coffee & Dining,posted
2025-04-08,Shell Oil,-59.44,Transportation,posted
2025-04-08,Target,-79.93,Shopping,posted
2025-04-09,Kroger,-111.98,Groceries,posted
2025-04-10,Spotify Premium,-10.99,Entertainment,posted
2025-04-10,McDonald's,-10.52,Coffee & Dining,posted
2025-04-11,Uber Eats,-52.16,Coffee & Dining,posted
2025-04-12,Uber Eats,-56.38,Coffee & Dining,posted
2025-04-13,Chevron Gas,-36.0,Transportation,posted
2025-04-13,Chevron Gas,-53.69,Transportation,posted
2025-04-14,Uber Eats,-27.56,Coffee & Dining,posted
2025-04-15,Revonix Corp - Direct Deposit,2500.0,Income,posted
2025-04-15,GitHub Copilot,-10.0,Developer Tools,posted
2025-04-15,Target,-88.9,Shopping,posted
2025-04-16,Amazon,-60.02,Shopping,posted
2025-04-17,Starbucks,-8.58,Coffee & Dining,posted
2025-04-17,Uber Eats,-49.84,Coffee & Dining,posted
2025-04-18,Adobe Creative Cloud,-54.99,Software,posted
2025-04-18,Amazon,-52.86,Shopping,posted
2025-04-18,Starbucks,-4.48,Coffee & Dining,posted
2025-04-18,Amazon,-122.22,Shopping,posted
2025-04-19,Chevron Gas,-63.91,Transportation,posted
2025-04-19,Kroger,-57.8,Groceries,posted
2025-04-20,Power & Light Corp,-139.9,Utilities,posted
2025-04-20,City Water District,-33.21,Utilities,posted
2025-04-20,Global Telecom (Cell),-75.0,Utilities,posted
2025-04-22,Shell Oil,-43.73,Transportation,posted
2025-04-22,Target,-40.97,Shopping,posted
2025-04-23,Amazon,-12.76,Shopping,posted
2025-04-25,Gold's Gym,-45.0,Health & Fitness,posted
2025-04-25,Starbucks,-6.97,Coffee & Dining,posted
2025-04-25,Target,-74.48,Shopping,posted
2025-04-25,McDonald's,-13.54,Coffee & Dining,posted
2025-04-26,McDonald's,-9.03,Coffee & Dining,posted
2025-04-26,Starbucks,-8.05,Coffee & Dining,posted
2025-04-26,Amazon,-10.71,Shopping,posted
2025-04-27,Shell Oil,-59.26,Transportation,posted
2025-04-28,Shell Oil,-53.86,Transportation,posted
2025-04-30,Chevron Gas,-64.24,Transportation,posted
2025-05-01,Revonix Corp - Direct Deposit,2500.0,Income,posted
2025-05-01,Acme Properties,-1500.0,Rent,posted
2025-05-01,McDonald's,-9.99,Coffee & Dining,posted
2025-05-01,Uber Eats,-53.81,Coffee & Dining,posted
2025-05-02,Target,-34.28,Shopping,posted
2025-05-02,Walmart,-31.41,Groceries,posted
2025-05-02,Kroger,-101.81,Groceries,posted
2025-05-03,Chevron Gas,-41.15,Transportation,posted
2025-05-04,McDonald's,-11.63,Coffee & Dining,posted
2025-05-04,Kroger,-53.07,Groceries,posted
2025-05-05,Netflix,-15.49,Entertainment,posted
2025-05-05,Shell Oil,-39.63,Transportation,posted
2025-05-05,Chevron Gas,-35.87,Transportation,posted
2025-05-06,Chevron Gas,-55.99,Transportation,posted
2025-05-07,Target,-94.01,Shopping,posted
2025-05-08,Uber Eats,-56.18,Coffee & Dining,posted
2025-05-09,Amazon,-131.52,Shopping,posted
2025-05-09,McDonald's,-11.1,Coffee & Dining,posted
2025-05-09,Chevron Gas,-41.73,Transportation,posted
2025-05-10,Spotify Premium,-10.99,Entertainment,posted
2025-05-10,Target,-57.45,Shopping,posted
2025-05-11,Starbucks,-7.58,Coffee & Dining,posted
2025-05-13,Walmart,-110.55,Groceries,posted
2025-05-14,Shell Oil,-56.29,Transportation,posted
2025-05-15,Revonix Corp - Direct Deposit,2500.0,Income,posted
2025-05-15,GitHub Copilot,-10.0,Developer Tools,posted
2025-05-15,Shell Oil,-65.1,Transportation,posted
2025-05-16,Kroger,-35.34,Groceries,posted
2025-05-16,Shell Oil,-56.52,Transportation,posted
2025-05-17,Kroger,-86.52,Groceries,posted
2025-05-18,Adobe Creative Cloud,-54.99,Software,posted
2025-05-18,Walmart,-65.98,Groceries,posted
2025-05-19,Chevron Gas,-61.32,Transportation,posted
2025-05-20,Power & Light Corp,-132.72,Utilities,posted
2025-05-20,City Water District,-46.98,Utilities,posted
2025-05-20,Global Telecom (Cell),-75.0,Utilities,posted

2025-05-20,Kroger,-91.92,Groceries,posted
2025-05-21,Target,-93.5,Shopping,posted
2025-05-21,Amazon,-191.45,Shopping,posted
2025-05-22,Uber Eats,-53.69,Coffee & Dining,posted
2025-05-23,Starbucks,-4.88,Coffee & Dining,posted
2025-05-23,Shell Oil,-52.58,Transportation,posted
2025-05-23,Shell Oil,-54.85,Transportation,posted
2025-05-24,Amazon,-178.76,Shopping,posted
2025-05-24,Kroger,-73.97,Groceries,posted
2025-05-24,Uber Eats,-49.24,Coffee & Dining,posted
2025-05-25,Gold's Gym,-45.0,Health & Fitness,posted
2025-05-25,McDonald's,-9.48,Coffee & Dining,posted
2025-05-27,Uber Eats,-34.88,Coffee & Dining,posted
2025-05-27,Amazon,-114.46,Shopping,posted
2025-05-28,Walmart,-41.1,Groceries,posted
2025-05-28,Kroger,-96.78,Groceries,posted
2025-05-29,Kroger,-25.11,Groceries,posted
2025-05-30,Uber Eats,-50.19,Coffee & Dining,posted
2025-05-30,Starbucks,-7.86,Coffee & Dining,posted
2025-05-31,Chevron Gas,-48.74,Transportation,posted
2025-05-31,Chevron Gas,-62.66,Transportation,posted
2025-05-31,Shell Oil,-39.92,Transportation,posted
2025-06-01,Revonix Corp - Direct Deposit,2500.0,Income,posted
2025-06-01,Acme Properties,-1500.0,Rent,posted
2025-06-01,Chevron Gas,-47.73,Transportation,posted
2025-06-01,Target,-72.38,Shopping,posted
2025-06-02,Starbucks,-6.34,Coffee & Dining,posted
2025-06-03,Kroger,-70.93,Groceries,posted
2025-06-04,Kroger,-96.3,Groceries,posted
2025-06-05,Netflix,-15.49,Entertainment,posted
2025-06-05,Walmart,-80.75,Groceries,posted
2025-06-05,Shell Oil,-56.8,Transportation,posted
2025-06-06,Kroger,-51.73,Groceries,posted
2025-06-07,Shell Oil,-66.44,Transportation,posted
2025-06-07,Kroger,-98.7,Groceries,posted
2025-06-07,Target,-77.89,Shopping,posted
2025-06-08,Walmart,-110.43,Groceries,posted
2025-06-10,Spotify Premium,-10.99,Entertainment,posted
2025-06-10,Uber Eats,-28.32,Coffee & Dining,posted
2025-06-11,Amazon,-76.51,Shopping,posted
2025-06-12,McDonald's,-9.8,Coffee & Dining,posted
2025-06-12,Shell Oil,-54.5,Transportation,posted
2025-06-13,McDonald's,-14.52,Coffee & Dining,posted
2025-06-13,McDonald's,-9.44,Coffee & Dining,posted
2025-06-14,Amazon,-71.93,Shopping,posted
2025-06-14,McDonald's,-10.74,Coffee & Dining,posted
2025-06-14,Shell Oil,-63.1,Transportation,posted
2025-06-15,Revonix Corp - Direct Deposit,2500.0,Income,posted
2025-06-15,GitHub Copilot,-10.0,Developer Tools,posted
2025-06-16,Walmart,-67.02,Groceries,posted
2025-06-17,McDonald's,-11.65,Coffee & Dining,posted
2025-06-18,Adobe Creative Cloud,-54.99,Software,posted
2025-06-19,McDonald's,-11.39,Coffee & Dining,posted
2025-06-20,Power & Light Corp,-88.54,Utilities,posted
2025-06-20,City Water District,-31.73,Utilities,posted
2025-06-20,Global Telecom (Cell),-75.0,Utilities,posted
2025-06-20,McDonald's,-13.56,Coffee & Dining,posted
2025-06-20,Target,-36.73,Shopping,posted
2025-06-20,Walmart,-55.97,Groceries,posted
2025-06-21,Amazon,-55.29,Shopping,posted
2025-06-21,McDonald's,-10.54,Coffee & Dining,posted
2025-06-24,Walmart,-70.46,Groceries,posted
2025-06-25,Gold's Gym,-45.0,Health & Fitness,posted
2025-06-26,Starbucks,-8.96,Coffee & Dining,posted
2025-06-26,Shell Oil,-57.22,Transportation,posted
2025-06-27,Kroger,-31.51,Groceries,posted
2025-06-28,Starbucks,-6.06,Coffee & Dining,posted
2025-06-28,Chevron Gas,-56.92,Transportation,posted
2025-06-28,Chevron Gas,-35.86,Transportation,posted
2025-06-29,Kroger,-109.68,Groceries,posted
2025-06-29,Walmart,-100.86,Groceries,posted
2025-06-30,Kroger,-78.74,Groceries,posted
2025-06-30,Kroger,-64.48,Groceries,posted
2025-07-01,Revonix Corp - Direct Deposit,2500.0,Income,posted
2025-07-01,Acme Properties,-1500.0,Rent,posted
2025-07-01,Chevron Gas,-63.29,Transportation,posted
2025-07-01,McDonald's,-8.81,Coffee & Dining,posted
2025-07-03,Walmart,-97.31,Groceries,posted
2025-07-04,Walmart,-119.16,Groceries,posted
2025-07-05,Netflix,-15.49,Entertainment,posted
2025-07-05,McDonald's,-14.64,Coffee & Dining,posted
2025-07-05,Chevron Gas,-49.42,Transportation,posted
2025-07-06,Amazon,-66.25,Shopping,posted
2025-07-09,Uber Eats,-37.64,Coffee & Dining,posted
2025-07-10,Spotify Premium,-10.99,Entertainment,posted
2025-07-10,Starbucks,-5.82,Coffee & Dining,posted
2025-07-11,Starbucks,-5.66,Coffee & Dining,posted
2025-07-11,Starbucks,-5.99,Coffee & Dining,posted
2025-07-11,Starbucks,-4.02,Coffee & Dining,posted
2025-07-12,Uber Eats,-31.69,Coffee & Dining,posted
2025-07-13,Walmart,-125.93,Groceries,posted
2025-07-13,McDonald's,-10.81,Coffee & Dining,posted
2025-07-15,Revonix Corp - Direct Deposit,2500.0,Income,posted
2025-07-15,GitHub Copilot,-10.0,Developer Tools,posted
2025-07-15,Uber Eats,-42.92,Coffee & Dining,posted
2025-07-15,Walmart,-106.61,Groceries,posted
2025-07-17,Amazon,-133.63,Shopping,posted
2025-07-18,Adobe Creative Cloud,-54.99,Software,posted
2025-07-18,Amazon,-163.47,Shopping,posted
2025-07-19,Chevron Gas,-56.31,Transportation,posted
2025-07-20,Power & Light Corp,-84.77,Utilities,posted
2025-07-20,City Water District,-49.15,Utilities,posted
2025-07-20,Global Telecom (Cell),-75.0,Utilities,posted
2025-07-20,Starbucks,-3.64,Coffee & Dining,posted
2025-07-20,Uber Eats,-51.59,Coffee & Dining,posted
2025-07-21,Shell Oil,-51.18,Transportation,posted
2025-07-21,Uber Eats,-56.83,Coffee & Dining,posted
2025-07-22,Walmart,-99.87,Groceries,posted
2025-07-23,McDonald's,-13.11,Coffee & Dining,posted
2025-07-24,Shell Oil,-45.44,Transportation,posted
2025-07-25,Gold's Gym,-45.0,Health & Fitness,posted
2025-07-25,Target,-96.8,Shopping,posted
2025-07-25,McDonald's,-13.84,Coffee & Dining,posted
2025-07-26,McDonald's,-9.02,Coffee & Dining,posted
2025-07-27,Starbucks,-7.66,Coffee & Dining,posted
2025-07-28,Starbucks,-5.3,Coffee & Dining,posted
2025-07-28,Uber Eats,-52.52,Coffee & Dining,posted
2025-07-29,Target,-30.62,Shopping,posted
2025-07-30,Amazon,-126.42,Shopping,posted
2025-08-01,Revonix Corp - Direct Deposit,2500.0,Income,posted

2025-08-01,Acme Properties,-1500.0,Rent,posted
2025-08-01,Walmart,-20.44,Groceries,posted
2025-08-02,Chevron Gas,-31.27,Transportation,posted
2025-08-02,Kroger,-81.27,Groceries,posted
2025-08-02,McDonald's,-13.98,Coffee & Dining,posted
2025-08-03,Uber Eats,-46.43,Coffee & Dining,posted
2025-08-05,Netflix,-15.49,Entertainment,posted
2025-08-05,Target,-35.08,Shopping,posted
2025-08-06,Amazon,-185.25,Shopping,posted
2025-08-07,Shell Oil,-47.2,Transportation,posted
2025-08-08,Uber Eats,-42.17,Coffee & Dining,posted
2025-08-08,Walmart,-92.37,Groceries,posted
2025-08-08,Uber Eats,-26.47,Coffee & Dining,posted
2025-08-09,Walmart,-68.71,Groceries,posted
2025-08-10,Spotify Premium,-10.99,Entertainment,posted
2025-08-11,Uber Eats,-40.16,Coffee & Dining,posted
2025-08-12,Walmart,-109.54,Groceries,posted
2025-08-12,Walmart,-39.44,Groceries,posted
2025-08-13,Starbucks,-7.62,Coffee & Dining,posted
2025-08-14,Target,-88.05,Shopping,posted
2025-08-15,Revonix Corp - Direct Deposit,2500.0,Income,posted
2025-08-15,GitHub Copilot,-10.0,Developer Tools,posted
2025-08-15,Chevron Gas,-51.47,Transportation,posted
2025-08-15,Starbucks,-8.38,Coffee & Dining,posted
2025-08-16,Target,-55.76,Shopping,posted
2025-08-16,Chevron Gas,-31.34,Transportation,posted
2025-08-16,Uber Eats,-38.68,Coffee & Dining,posted
2025-08-17,Shell Oil,-47.39,Transportation,posted
2025-08-17,Target,-66.88,Shopping,posted
2025-08-18,Adobe Creative Cloud,-54.99,Software,posted
2025-08-19,Chevron Gas,-47.89,Transportation,posted
2025-08-20,Power & Light Corp,-144.71,Utilities,posted
2025-08-20,City Water District,-34.25,Utilities,posted
2025-08-20,Global Telecom (Cell),-75.0,Utilities,posted
2025-08-20,Starbucks,-8.6,Coffee & Dining,posted
2025-08-21,Uber Eats,-48.41,Coffee & Dining,posted
2025-08-22,Walmart,-84.18,Groceries,posted
2025-08-23,Chevron Gas,-59.49,Transportation,posted
2025-08-23,Chevron Gas,-51.21,Transportation,posted
2025-08-24,Uber Eats,-48.4,Coffee & Dining,posted
2025-08-25,Gold's Gym,-45.0,Health & Fitness,posted
2025-08-26,McDonald's,-9.54,Coffee & Dining,posted
2025-08-27,Target,-67.88,Shopping,posted
2025-08-27,Uber Eats,-25.59,Coffee & Dining,posted
2025-08-28,Chevron Gas,-37.71,Transportation,posted
2025-08-29,Chevron Gas,-40.32,Transportation,posted
2025-08-29,Shell Oil,-38.49,Transportation,posted
2025-08-30,Uber Eats,-38.81,Coffee & Dining,posted
2025-08-30,Shell Oil,-66.29,Transportation,posted
2025-08-30,Amazon,-77.17,Shopping,posted
2025-08-31,Target,-91.14,Shopping,posted
2025-08-31,Chevron Gas,-45.68,Transportation,posted
2025-09-01,Revonix Corp - Direct Deposit,2500.0,Income,posted
2025-09-01,Acme Properties,-1500.0,Rent,posted
2025-09-01,McDonald's,-8.27,Coffee & Dining,posted
2025-09-03,Kroger,-31.93,Groceries,posted
2025-09-05,Netflix,-15.49,Entertainment,posted
2025-09-05,Walmart,-129.19,Groceries,posted
2025-09-05,Starbucks,-3.82,Coffee & Dining,posted
2025-09-06,Uber Eats,-34.57,Coffee & Dining,posted
2025-09-07,Kroger,-47.94,Groceries,posted
2025-09-07,Starbucks,-6.29,Coffee & Dining,posted
2025-09-09,Chevron Gas,-41.86,Transportation,posted
2025-09-09,Amazon,-183.81,Shopping,posted
2025-09-10,Spotify Premium,-10.99,Entertainment,posted
2025-09-10,Chevron Gas,-56.19,Transportation,posted
2025-09-10,Kroger,-15.03,Groceries,posted
2025-09-11,Starbucks,-7.62,Coffee & Dining,posted
2025-09-11,McDonald's,-13.45,Coffee & Dining,posted
2025-09-12,Starbucks,-4.56,Coffee & Dining,posted
2025-09-12,Starbucks,-8.65,Coffee & Dining,posted
2025-09-13,McDonald's,-9.26,Coffee & Dining,posted
2025-09-15,Revonix Corp - Direct Deposit,2500.0,Income,posted
2025-09-15,GitHub Copilot,-10.0,Developer Tools,posted
2025-09-15,Amazon,-177.71,Shopping,posted
2025-09-17,McDonald's,-8.55,Coffee & Dining,posted
2025-09-18,Adobe Creative Cloud,-54.99,Software,posted
2025-09-18,McDonald's,-8.39,Coffee & Dining,posted
2025-09-18,Kroger,-79.37,Groceries,posted
2025-09-19,Kroger,-95.58,Groceries,posted
2025-09-20,Power & Light Corp,-128.13,Utilities,posted
2025-09-20,City Water District,-49.22,Utilities,posted
2025-09-20,Global Telecom (Cell),-75.0,Utilities,posted
2025-09-20,Kroger,-105.97,Groceries,posted
2025-09-20,Chevron Gas,-43.9,Transportation,posted
2025-09-22,Walmart,-137.82,Groceries,posted
2025-09-23,Walmart,-140.11,Groceries,posted
2025-09-23,Amazon,-111.08,Shopping,posted
2025-09-24,Target,-85.68,Shopping,posted
2025-09-25,Gold's Gym,-45.0,Health & Fitness,posted
2025-09-25,Uber Eats,-49.01,Coffee & Dining,posted
2025-09-25,Target,-24.56,Shopping,posted
2025-09-26,Walmart,-128.73,Groceries,posted
2025-09-27,Walmart,-136.25,Groceries,posted
2025-09-27,Uber Eats,-47.57,Coffee & Dining,posted
2025-09-28,Kroger,-115.6,Groceries,posted
2025-09-28,Kroger,-79.27,Groceries,posted
2025-09-29,Kroger,-103.19,Groceries,posted
2025-10-01,Revonix Corp - Direct Deposit,2500.0,Income,posted
2025-10-01,Acme Properties,-1500.0,Rent,posted
2025-10-01,Shell Oil,-58.73,Transportation,posted
2025-10-02,Uber Eats,-37.21,Coffee & Dining,posted
2025-10-02,Uber Eats,-29.96,Coffee & Dining,posted
2025-10-03,Walmart,-85.45,Groceries,posted
2025-10-03,Starbucks,-6.83,Coffee & Dining,posted
2025-10-04,Kroger,-68.88,Groceries,posted
2025-10-05,Netflix,-15.49,Entertainment,posted
2025-10-06,Amazon,-133.29,Shopping,posted
2025-10-07,McDonald's,-13.73,Coffee & Dining,posted
2025-10-09,McDonald's,-9.66,Coffee & Dining,posted
2025-10-10,Spotify Premium,-10.99,Entertainment,posted
2025-10-10,Kroger,-113.0,Groceries,posted
2025-10-11,Shell Oil,-62.08,Transportation,posted
2025-10-11,Shell Oil,-44.1,Transportation,posted
2025-10-13,Kroger,-71.8,Groceries,posted
2025-10-14,Uber Eats,-36.12,Coffee & Dining,posted
2025-10-15,Revonix Corp - Direct Deposit,2500.0,Income,posted
2025-10-15,GitHub Copilot,-10.0,Developer Tools,posted
2025-10-17,Shell Oil,-59.47,Transportation,posted
2025-10-17,Amazon,-46.73,Shopping,posted

2025-10-18,Adobe Creative Cloud,-54.99,Software,posted
2025-10-18,Target,-35.75,Shopping,posted
2025-10-19,Amazon,-151.83,Shopping,posted
2025-10-19,Starbucks,-5.07,Coffee & Dining,posted
2025-10-20,Power & Light Corp,-84.87,Utilities,posted
2025-10-20,City Water District,-34.89,Utilities,posted
2025-10-20,Global Telecom (Cell),-75.0,Utilities,posted
2025-10-20,Starbucks,-6.42,Coffee & Dining,posted
2025-10-20,Target,-70.62,Shopping,posted
2025-10-21,Amazon,-40.35,Shopping,posted
2025-10-21,Chevron Gas,-32.5,Transportation,posted
2025-10-22,Starbucks,-8.11,Coffee & Dining,posted
2025-10-23,Starbucks,-6.8,Coffee & Dining,posted
2025-10-24,Chevron Gas,-46.66,Transportation,posted
2025-10-24,Kroger,-61.24,Groceries,posted
2025-10-25,Gold's Gym,-45.0,Health & Fitness,posted
2025-10-25,Target,-52.49,Shopping,posted
2025-10-28,Shell Oil,-65.32,Transportation,posted
2025-10-28,Chevron Gas,-48.62,Transportation,posted
2025-10-29,Walmart,-124.47,Groceries,posted
2025-10-30,Uber Eats,-53.42,Coffee & Dining,posted
2025-10-30,Target,-50.93,Shopping,posted
2025-10-31,Starbucks,-6.15,Coffee & Dining,posted
2025-10-31,Chevron Gas,-58.09,Transportation,posted
2025-10-31,Chevron Gas,-42.44,Transportation,posted
2025-11-01,Revonix Corp - Direct Deposit,2500.0,Income,posted
2025-11-01,Acme Properties,-1500.0,Rent,posted
2025-11-01,Starbucks,-6.1,Coffee & Dining,posted
2025-11-01,Amazon,-169.52,Shopping,posted
2025-11-01,Shell Oil,-68.17,Transportation,posted
2025-11-04,Uber Eats,-45.15,Coffee & Dining,posted
2025-11-04,Walmart,-148.32,Groceries,posted
2025-11-05,Netflix,-15.49,Entertainment,posted
2025-11-05,Kroger,-67.56,Groceries,posted
2025-11-07,Amazon,-192.16,Shopping,posted
2025-11-07,Target,-49.0,Shopping,posted
2025-11-08,Chevron Gas,-54.4,Transportation,posted
2025-11-08,McDonald's,-12.55,Coffee & Dining,posted
2025-11-09,Kroger,-89.85,Groceries,posted
2025-11-10,Spotify Premium,-10.99,Entertainment,posted
2025-11-10,Target,-16.47,Shopping,posted
2025-11-11,Starbucks,-4.11,Coffee & Dining,posted
2025-11-12,Walmart,-148.26,Groceries,posted
2025-11-13,Walmart,-94.04,Groceries,posted
2025-11-14,Target,-66.96,Shopping,posted
2025-11-15,Revonix Corp - Direct Deposit,2500.0,Income,posted
2025-11-15,GitHub Copilot,-10.0,Developer Tools,posted
2025-11-15,Starbucks,-4.14,Coffee & Dining,posted
2025-11-18,Adobe Creative Cloud,-54.99,Software,posted
2025-11-18,Target,-47.86,Shopping,posted
2025-11-19,Amazon,-31.27,Shopping,posted
2025-11-19,Chevron Gas,-30.8,Transportation,posted
2025-11-20,Power & Light Corp,-98.58,Utilities,posted
2025-11-20,City Water District,-46.25,Utilities,posted
2025-11-20,Global Telecom (Cell),-75.0,Utilities,posted
2025-11-21,Amazon,-148.95,Shopping,posted
2025-11-21,McDonald's,-13.88,Coffee & Dining,posted
2025-11-21,Walmart,-125.33,Groceries,posted
2025-11-22,Shell Oil,-41.62,Transportation,posted
2025-11-22,McDonald's,-10.38,Coffee & Dining,posted
2025-11-22,Walmart,-35.64,Groceries,posted
2025-11-23,Starbucks,-8.91,Coffee & Dining,posted
2025-11-25,Gold's Gym,-45.0,Health & Fitness,posted
2025-11-27,Shell Oil,-60.34,Transportation,posted
2025-11-28,Amazon,-84.41,Shopping,posted
2025-11-28,Walmart,-114.9,Groceries,posted
2025-11-28,Target,-61.32,Shopping,posted
2025-11-29,Shell Oil,-59.86,Transportation,posted
2025-11-29,Chevron Gas,-41.21,Transportation,posted
2025-11-29,Walmart,-128.17,Groceries,posted
2025-11-30,Shell Oil,-49.43,Transportation,posted
2025-11-30,McDonald's,-11.71,Coffee & Dining,posted
2025-12-01,Revonix Corp - Direct Deposit,2500.0,Income,posted
2025-12-01,Acme Properties,-1500.0,Rent,posted
2025-12-01,Chevron Gas,-60.61,Transportation,posted
2025-12-02,Uber Eats,-53.58,Coffee & Dining,posted
2025-12-03,Starbucks,-8.69,Coffee & Dining,posted
2025-12-04,Chevron Gas,-32.26,Transportation,posted
2025-12-04,Target,-70.42,Shopping,posted
2025-12-05,Netflix,-15.49,Entertainment,posted
2025-12-05,Chevron Gas,-40.32,Transportation,posted
2025-12-05,Chevron Gas,-35.27,Transportation,posted
2025-12-06,Amazon,-120.28,Shopping,posted
2025-12-06,McDonald's,-12.05,Coffee & Dining,posted
2025-12-06,Uber Eats,-47.9,Coffee & Dining,posted
2025-12-07,McDonald's,-10.94,Coffee & Dining,posted
2025-12-07,Target,-16.59,Shopping,posted
2025-12-08,Chevron Gas,-56.3,Transportation,posted
2025-12-08,McDonald's,-13.73,Coffee & Dining,posted
2025-12-09,Amazon,-136.97,Shopping,posted
2025-12-10,Spotify Premium,-10.99,Entertainment,posted
2025-12-10,Amazon,-127.39,Shopping,posted
2025-12-10,Kroger,-37.2,Groceries,posted
2025-12-11,Walmart,-83.11,Groceries,posted
2025-12-12,Shell Oil,-51.51,Transportation,posted
2025-12-12,Uber Eats,-29.43,Coffee & Dining,posted
2025-12-13,Amazon,-159.41,Shopping,posted
2025-12-13,Uber Eats,-34.75,Coffee & Dining,posted
2025-12-14,Shell Oil,-59.72,Transportation,posted
2025-12-14,McDonald's,-12.8,Coffee & Dining,posted
2025-12-15,Revonix Corp - Direct Deposit,2500.0,Income,posted
2025-12-15,GitHub Copilot,-10.0,Developer Tools,posted
2025-12-15,Uber Eats,-33.88,Coffee & Dining,posted
2025-12-17,Starbucks,-5.44,Coffee & Dining,posted
2025-12-18,Adobe Creative Cloud,-54.99,Software,posted
2025-12-19,Walmart,-65.67,Groceries,posted
2025-12-20,Power & Light Corp,-99.51,Utilities,posted
2025-12-20,City Water District,-42.72,Utilities,posted
2025-12-20,Global Telecom (Cell),-75.0,Utilities,posted
2025-12-20,Kroger,-114.1,Groceries,posted
2025-12-20,Starbucks,-7.26,Coffee & Dining,posted
2025-12-20,Target,-55.51,Shopping,posted
2025-12-23,Target,-27.97,Shopping,posted
2025-12-24,Starbucks,-3.56,Coffee & Dining,posted
2025-12-25,Gold's Gym,-45.0,Health & Fitness,posted
2025-12-25,Starbucks,-5.16,Coffee & Dining,posted
2025-12-25,Target,-49.83,Shopping,posted
2025-12-26,Walmart,-50.49,Groceries,posted
2025-12-27,McDonald's,-14.16,Coffee & Dining,posted
2025-12-29,Amazon,-49.53,Shopping,posted

2025-12-29,Uber Eats,-52.86,Coffee & Dining,posted
2025-12-30,McDonald's,-11.22,Coffee & Dining,posted
2025-12-31,Uber Eats,-38.35,Coffee & Dining,posted
2026-01-01,Revonix Corp - Direct Deposit,2500.0,Income,posted
2026-01-01,Acme Properties,-1500.0,Rent,posted
2026-01-01,Chevron Gas,-60.4,Transportation,posted
2026-01-01,Amazon,-141.09,Shopping,posted
2026-01-02,Starbucks,-8.79,Coffee & Dining,posted
2026-01-02,Amazon,-35.22,Shopping,posted
2026-01-02,Kroger,-15.45,Groceries,posted
2026-01-03,Uber Eats,-37.94,Coffee & Dining,posted
2026-01-04,Target,-59.84,Shopping,posted
2026-01-05,Netflix,-15.49,Entertainment,posted
2026-01-05,Shell Oil,-67.3,Transportation,posted
2026-01-05,Starbucks,-4.28,Coffee & Dining,posted
2026-01-06,Uber Eats,-33.86,Coffee & Dining,posted
2026-01-07,Shell Oil,-56.75,Transportation,posted
2026-01-09,Starbucks,-7.7,Coffee & Dining,posted
2026-01-09,Starbucks,-5.72,Coffee & Dining,posted
2026-01-09,McDonald's,-13.51,Coffee & Dining,posted
2026-01-10,Spotify Premium,-10.99,Entertainment,posted
2026-01-10,Chevron Gas,-30.78,Transportation,posted
2026-01-10,Amazon,-60.83,Shopping,posted
2026-01-11,Chevron Gas,-45.11,Transportation,posted
2026-01-11,Shell Oil,-62.4,Transportation,posted
2026-01-12,Amazon,-148.85,Shopping,posted
2026-01-13,Kroger,-41.22,Groceries,posted
2026-01-14,Starbucks,-7.7,Coffee & Dining,posted
2026-01-14,Amazon,-61.98,Shopping,posted
2026-01-15,Revonix Corp - Direct Deposit,2500.0,Income,posted
2026-01-15,GitHub Copilot,-10.0,Developer Tools,posted
2026-01-15,Shell Oil,-64.0,Transportation,posted
2026-01-16,Target,-72.33,Shopping,posted
2026-01-16,Starbucks,-8.43,Coffee & Dining,posted
2026-01-16,McDonald's,-9.63,Coffee & Dining,posted
2026-01-17,Shell Oil,-59.12,Transportation,posted
2026-01-17,Amazon,-49.15,Shopping,posted
2026-01-17,Uber Eats,-38.7,Coffee & Dining,posted
2026-01-18,Adobe Creative Cloud,-54.99,Software,posted
2026-01-18,Chevron Gas,-41.18,Transportation,posted
2026-01-18,McDonald's,-12.81,Coffee & Dining,posted
2026-01-19,Shell Oil,-43.33,Transportation,posted
2026-01-20,Power & Light Corp,-146.57,Utilities,posted
2026-01-20,City Water District,-43.73,Utilities,posted
2026-01-20,Global Telecom (Cell),-75.0,Utilities,posted
2026-01-21,Kroger,-118.66,Groceries,posted
2026-01-21,Target,-57.18,Shopping,posted
2026-01-22,Chevron Gas,-42.58,Transportation,posted
2026-01-22,Walmart,-20.3,Groceries,posted
2026-01-23,Uber Eats,-44.95,Coffee & Dining,posted
2026-01-23,Chevron Gas,-42.17,Transportation,posted
2026-01-23,Uber Eats,-47.16,Coffee & Dining,posted
2026-01-24,Walmart,-131.69,Groceries,posted
2026-01-24,Starbucks,-8.88,Coffee & Dining,posted
2026-01-25,Gold's Gym,-45.0,Health & Fitness,posted
2026-01-27,McDonald's,-11.98,Coffee & Dining,posted
2026-01-28,McDonald's,-11.42,Coffee & Dining,posted
2026-01-30,Target,-22.49,Shopping,posted
2026-01-30,Target,-57.46,Shopping,posted
2026-01-30,Walmart,-40.61,Groceries,posted
2026-01-31,Target,-54.23,Shopping,posted
2026-01-31,Kroger,-115.75,Groceries,posted
2026-01-31,Shell Oil,-51.24,Transportation,posted
2026-02-01,Revonix Corp - Direct Deposit,2500.0,Income,posted
2026-02-01,Acme Properties,-1500.0,Rent,posted
2026-02-01,McDonald's,-8.25,Coffee & Dining,posted
2026-02-01,Kroger,-89.12,Groceries,posted
2026-02-03,McDonald's,-9.04,Coffee & Dining,posted
2026-02-05,Netflix,-15.49,Entertainment,posted
2026-02-05,McDonald's,-10.62,Coffee & Dining,posted
2026-02-06,Kroger,-81.49,Groceries,posted
2026-02-06,Kroger,-115.18,Groceries,posted
2026-02-06,Amazon,-184.02,Shopping,posted
2026-02-07,Target,-99.66,Shopping,posted
2026-02-08,Walmart,-103.25,Groceries,posted
2026-02-09,Chevron Gas,-58.38,Transportation,posted
2026-02-09,Starbucks,-5.22,Coffee & Dining,posted
2026-02-10,Spotify Premium,-10.99,Entertainment,posted
2026-02-10,Starbucks,-4.98,Coffee & Dining,posted
2026-02-10,Uber Eats,-54.75,Coffee & Dining,posted
2026-02-11,Target,-86.94,Shopping,posted
2026-02-11,Uber Eats,-36.63,Coffee & Dining,posted
2026-02-13,Kroger,-19.98,Groceries,posted
2026-02-13,McDonald's,-11.5,Coffee & Dining,posted
2026-02-13,Target,-67.42,Shopping,posted
2026-02-14,Chevron Gas,-37.69,Transportation,posted
2026-02-14,Uber Eats,-57.29,Coffee & Dining,posted
2026-02-15,Revonix Corp - Direct Deposit,2500.0,Income,posted
2026-02-15,GitHub Copilot,-10.0,Developer Tools,posted
2026-02-15,Uber Eats,-54.6,Coffee & Dining,posted
2026-02-16,Chevron Gas,-30.44,Transportation,posted
2026-02-18,Adobe Creative Cloud,-54.99,Software,posted
2026-02-19,McDonald's,-8.57,Coffee & Dining,posted
2026-02-20,Power & Light Corp,-108.91,Utilities,posted
2026-02-20,City Water District,-35.89,Utilities,posted
2026-02-20,Global Telecom (Cell),-75.0,Utilities,posted
2026-02-20,Target,-95.0,Shopping,posted
2026-02-20,Amazon,-163.64,Shopping,posted
2026-02-20,Amazon,-115.8,Shopping,posted
2026-02-21,Kroger,-49.89,Groceries,posted
2026-02-21,Kroger,-100.37,Groceries,posted
2026-02-22,Shell Oil,-46.86,Transportation,posted
2026-02-22,Target,-59.71,Shopping,posted
2026-02-23,Amazon,-31.18,Shopping,posted
2026-02-24,Shell Oil,-61.67,Transportation,posted
2026-02-25,Gold's Gym,-45.0,Health & Fitness,posted
2026-02-25,McDonald's,-8.37,Coffee & Dining,posted
2026-02-26,Shell Oil,-48.06,Transportation,posted
2026-02-27,Target,-42.47,Shopping,posted
2026-02-27,Chevron Gas,-31.41,Transportation,posted
2026-02-28,Starbucks,-8.51,Coffee & Dining,posted
2026-03-01,Revonix Corp - Direct Deposit,2500.0,Income,posted
2026-03-01,Acme Properties,-1500.0,Rent,posted
2026-03-03,Amazon,-177.58,Shopping,posted
2026-03-05,Netflix,-15.49,Entertainment,posted
2026-03-05,Target,-44.83,Shopping,posted
2026-03-05,Target,-86.88,Shopping,posted
2026-03-06,Target,-17.66,Shopping,posted
2026-03-06,Target,-67.98,Shopping,posted
2026-03-07,Kroger,-73.06,Groceries,posted

2026-03-07,Chevron Gas,-33.79,Transportation,posted
2026-03-07,Starbucks,-4.3,Coffee & Dining,posted
2026-03-09,Amazon,-122.71,Shopping,posted
2026-03-09,Kroger,-27.29,Groceries,posted
2026-03-10,Spotify Premium,-10.99,Entertainment,posted
2026-03-10,McDonald's,-9.81,Coffee & Dining,posted
2026-03-12,Walmart,-123.37,Groceries,posted
2026-03-12,Chevron Gas,-35.78,Transportation,posted
2026-03-13,Starbucks,-6.44,Coffee & Dining,posted
2026-03-13,Amazon,-85.0,Shopping,posted
2026-03-14,Shell Oil,-67.83,Transportation,posted
2026-03-14,Chevron Gas,-62.42,Transportation,posted
2026-03-14,Target,-70.09,Shopping,posted
2026-03-15,Revonix Corp - Direct Deposit,2500.0,Income,posted
2026-03-15,GitHub Copilot,-10.0,Developer Tools,posted
2026-03-15,Chevron Gas,-60.28,Transportation,posted
2026-03-16,Shell Oil,-38.57,Transportation,posted
2026-03-17,Walmart,-73.5,Groceries,posted
2026-03-17,Shell Oil,-62.67,Transportation,posted
2026-03-18,Adobe Creative Cloud,-54.99,Software,posted
2026-03-18,Walmart,-48.77,Groceries,posted
2026-03-18,Uber Eats,-47.34,Coffee & Dining,posted
2026-03-19,Uber Eats,-33.64,Coffee & Dining,posted
2026-03-20,Power & Light Corp,-97.24,Utilities,posted
2026-03-20,City Water District,-37.86,Utilities,posted
2026-03-20,Global Telecom (Cell),-75.0,Utilities,posted
2026-03-20,Uber Eats,-33.47,Coffee & Dining,posted
2026-03-20,Starbucks,-7.47,Coffee & Dining,posted
2026-03-20,Amazon,-110.23,Shopping,posted
2026-03-21,Kroger,-24.54,Groceries,posted
2026-03-21,Uber Eats,-36.56,Coffee & Dining,posted
2026-03-22,Kroger,-107.77,Groceries,posted
2026-03-22,Target,-25.82,Shopping,posted
2026-03-23,Amazon,-149.92,Shopping,posted
2026-03-24,Amazon,-48.65,Shopping,posted
2026-03-25,Gold's Gym,-45.0,Health & Fitness,posted
2026-03-25,McDonald's,-10.32,Coffee & Dining,posted
2026-03-25,Starbucks,-7.91,Coffee & Dining,posted
2026-03-26,Chevron Gas,-48.17,Transportation,posted
2026-03-26,Uber Eats,-59.38,Coffee & Dining,posted
2026-03-27,Amazon,-192.14,Shopping,posted
2026-03-27,Shell Oil,-56.24,Transportation,posted
2026-03-27,McDonald's,-8.3,Coffee & Dining,posted
2026-03-28,Amazon,-84.78,Shopping,posted
2026-03-30,Amazon,-164.14,Shopping,posted
2026-03-30,Walmart,-138.21,Groceries,posted
2026-04-01,Revonix Corp - Direct Deposit,2500.0,Income,posted
2026-04-01,Acme Properties,-1500.0,Rent,posted
2026-04-01,Walmart,-45.01,Groceries,posted
2026-04-02,Kroger,-98.62,Groceries,posted
2026-04-02,Target,-75.41,Shopping,posted
2026-04-03,Starbucks,-8.6,Coffee & Dining,posted
2026-04-03,Amazon,-158.35,Shopping,posted
2026-04-04,Amazon,-138.41,Shopping,posted
2026-04-04,McDonald's,-11.02,Coffee & Dining,posted
2026-04-04,McDonald's,-14.27,Coffee & Dining,posted
2026-04-05,Netflix,-15.49,Entertainment,posted
2026-04-09,Amazon,-59.46,Shopping,posted
2026-04-10,Spotify Premium,-10.99,Entertainment,posted
2026-04-10,Starbucks,-4.92,Coffee & Dining,posted
2026-04-11,Shell Oil,-56.24,Transportation,posted
2026-04-11,Shell Oil,-56.5,Transportation,posted
2026-04-12,Starbucks,-4.83,Coffee & Dining,posted
2026-04-14,Kroger,-96.85,Groceries,posted
2026-04-15,Revonix Corp - Direct Deposit,2500.0,Income,posted
2026-04-15,GitHub Copilot,-10.0,Developer Tools,posted
2026-04-15,Shell Oil,-35.1,Transportation,posted
2026-04-15,Target,-73.01,Shopping,posted
2026-04-17,Amazon,-144.43,Shopping,posted
2026-04-17,Starbucks,-6.81,Coffee & Dining,posted
2026-04-17,Kroger,-63.88,Groceries,posted
2026-04-18,Adobe Creative Cloud,-54.99,Software,posted
2026-04-18,Shell Oil,-46.62,Transportation,posted
2026-04-18,Starbucks,-6.02,Coffee & Dining,posted
2026-04-18,Starbucks,-5.28,Coffee & Dining,posted
2026-04-19,Uber Eats,-54.34,Coffee & Dining,posted
2026-04-20,Power & Light Corp,-92.23,Utilities,posted
2026-04-20,City Water District,-48.92,Utilities,posted
2026-04-20,Global Telecom (Cell),-75.0,Utilities,posted
2026-04-21,Uber Eats,-33.72,Coffee & Dining,posted
2026-04-22,Shell Oil,-63.92,Transportation,posted
2026-04-22,Chevron Gas,-34.68,Transportation,posted
2026-04-24,Uber Eats,-30.84,Coffee & Dining,posted
2026-04-24,Amazon,-101.53,Shopping,posted
2026-04-24,McDonald's,-12.51,Coffee & Dining,posted
2026-04-25,Gold's Gym,-45.0,Health & Fitness,posted
2026-04-25,Chevron Gas,-39.24,Transportation,posted
2026-04-25,Starbucks,-8.7,Coffee & Dining,posted
2026-04-25,Uber Eats,-41.29,Coffee & Dining,posted
2026-04-26,Chevron Gas,-50.04,Transportation,posted
2026-04-26,Amazon,-69.97,Shopping,posted
2026-04-27,Target,-91.34,Shopping,posted
2026-04-29,Walmart,-36.8,Groceries,posted
2026-05-01,Revonix Corp - Direct Deposit,2500.0,Income,posted
2026-05-01,Acme Properties,-1500.0,Rent,posted
2026-05-01,Shell Oil,-64.86,Transportation,posted
2026-05-02,Uber Eats,-57.99,Coffee & Dining,posted
2026-05-02,Amazon,-142.74,Shopping,posted
2026-05-02,Shell Oil,-45.81,Transportation,posted
2026-05-05,Netflix,-15.49,Entertainment,posted
2026-05-06,Walmart,-104.02,Groceries,posted
2026-05-06,Amazon,-56.26,Shopping,posted
2026-05-08,Kroger,-50.72,Groceries,posted
2026-05-08,Starbucks,-6.44,Coffee & Dining,posted
2026-05-09,Walmart,-61.41,Groceries,posted
2026-05-09,Amazon,-57.47,Shopping,posted
2026-05-09,Shell Oil,-54.27,Transportation,posted
2026-05-10,Spotify Premium,-10.99,Entertainment,posted
2026-05-11,Shell Oil,-64.42,Transportation,posted
2026-05-12,Target,-62.98,Shopping,posted
2026-05-13,Uber Eats,-35.37,Coffee & Dining,posted
2026-05-14,Kroger,-48.34,Groceries,posted
2026-05-14,Target,-89.75,Shopping,posted
2026-05-15,Revonix Corp - Direct Deposit,2500.0,Income,posted
2026-05-15,GitHub Copilot,-10.0,Developer Tools,posted
2026-05-15,Shell Oil,-41.88,Transportation,posted
2026-05-16,Kroger,-22.81,Groceries,posted
2026-05-16,Starbucks,-4.12,Coffee & Dining,posted
2026-05-18,Adobe Creative Cloud,-54.99,Software,posted
2026-05-18,Walmart,-72.75,Groceries,posted

2026-05-18,Shell Oil,-66.56,Transportation,posted
2026-05-20,Power & Light Corp,-111.01,Utilities,posted
2026-05-20,City Water District,-36.31,Utilities,posted
2026-05-20,Global Telecom (Cell),-75.0,Utilities,posted
2026-05-20,Amazon,-136.83,Shopping,posted
2026-05-22,Kroger,-55.02,Groceries,posted
2026-05-23,Shell Oil,-47.26,Transportation,posted
2026-05-23,Target,-82.65,Shopping,posted
2026-05-24,McDonald's,-8.46,Coffee & Dining,posted
2026-05-24,Starbucks,-7.0,Coffee & Dining,posted
2026-05-25,Gold's Gym,-45.0,Health & Fitness,posted
2026-05-25,Amazon,-68.22,Shopping,posted
2026-05-26,Walmart,-139.19,Groceries,posted
2026-05-27,Amazon,-182.48,Shopping,posted
2026-05-29,Chevron Gas,-55.63,Transportation,posted
2026-05-29,Walmart,-80.12,Groceries,posted
2026-05-30,Starbucks,-8.94,Coffee & Dining,posted
2026-05-30,Target,-45.15,Shopping,posted
2026-05-30,Chevron Gas,-50.92,Transportation,posted
2026-05-31,Chevron Gas,-53.28,Transportation,posted
2026-03-12,Luxury Watch Jewelers Ltd,-3500.0,Shopping,posted
2026-04-20,VNDR*XYZ-CORP SECUREPAY,-120.0,Uncategorized,posted
2026-05-10,Starbucks Coffee #4930,-8.75,Coffee & Dining,posted
2026-05-10,Starbucks Coffee #4930,-8.75,Coffee & Dining,posted
2026-05-15,Target Stores Inc,-45.6,,posted
